<?xml version="1.0" encoding="UTF-8"?>
<Editor version="1.0">
   <File absPath="/MATLAB Drive" lastWrittenTime="1685133358050" name="diffmatper.m">
      <CodeFolds version="1.0"/>
   </File>
   <File absPath="/MATLAB Drive" lastWrittenTime="1685135177138" name="waveletdec.m">
      <CodeFolds version="1.0"/>
   </File>
   <File absPath="/MATLAB Drive" lastWrittenTime="1685135401284" name="waveletrec.m">
      <CodeFolds version="1.0"/>
   </File>
   <File absPath="/MATLAB Drive" lastWrittenTime="1685135562903" name="compress.m">
      <CodeFolds version="1.0"/>
   </File>
   <File absPath="/MATLAB Drive" lastWrittenTime="1685136643905" name="fftcomp.m">
      <CodeFolds version="1.0"/>
   </File>
   <File absPath="/MATLAB Drive" lastWrittenTime="1685136694666" name="waveaudiocomp.m">
      <CodeFolds version="1.0"/>
   </File>
   <File absPath="/MATLAB Drive" lastWrittenTime="1685137322781" name="dec_column_filter.m">
      <CodeFolds version="1.0"/>
   </File>
   <File absPath="/MATLAB Drive" lastWrittenTime="1685137393707" name="rec_row_filter.m">
      <CodeFolds version="1.0"/>
   </File>
   <File absPath="/MATLAB Drive" lastWrittenTime="1685137412035" name="rec_column_filter.m">
      <CodeFolds version="1.0"/>
   </File>
   <File absPath="/MATLAB Drive" lastWrittenTime="1685137464543" name="mat_downsample.m">
      <CodeFolds version="1.0"/>
   </File>
   <File absPath="/MATLAB Drive" lastWrittenTime="1685137489924" name="mat_upsample.m">
      <CodeFolds version="1.0"/>
   </File>
   <File absPath="/MATLAB Drive" lastWrittenTime="1685137593626" name="waveletdec2D.m">
      <CodeFolds version="1.0"/>
   </File>
   <File absPath="/MATLAB Drive" lastWrittenTime="1685137651386" name="waveletrec2D.m">
      <CodeFolds version="1.0"/>
   </File>
   <File absPath="/MATLAB Drive" lastWrittenTime="1685137939112" name="denoise.m">
      <CodeFolds version="1.0"/>
   </File>
   <File absPath="/MATLAB Drive" lastWrittenTime="1685138424362" name="stegwavelet.m">
      <CodeFolds version="1.0"/>
   </File>
</Editor>